step,loss,lr
50,10.982621,0.00000750
100,10.655377,0.00001500
150,9.302081,0.00002250
200,8.268680,0.00003000
